path	sha256
src/crapkit/analyze.py	8604A67943DDDCBA992590F3FF6B032D2CD3A6FDD6756273BD2F1ACB61A5BAF2
src/crapkit/cache.py	1464F1AEFDE9306C11BE073F594FBA1A2D1297976AA149169AE80FC8F92CCDCE
src/crapkit/merge.py	FE0CFC7B721B2C2566755E270986A3781D7CAE03581C8C7CD6B239A0D2653C96
src/crapkit/snapshot.py	9DF39F3A1C6925A5B8FFD9EB39210112F3DECC61A450EDF552A0E0A08F380759
src/crapkit/score.py	6CA7A904D129272CBF5F3E3E75DF4BD0C5C2B2FE1E4D77F3446B0FF0E50C9972
src/crapkit/coverage_istanbul.py	8A266ABE9E9D5EFDAA76E2138BA6AF5A4322B810282BDA1715FBDBE486EBDC6F
src/crapkit/coverage_py.py	3E230567114723981B4D961A4E9E15ED338928321EB168CF1A85965FC0194CF0
src/crapkit/covstream.py	849986D29101DA9838F4221C31242762E8094BAE29D533AC156241BBB716B3CD
src/crapkit/uncovered.py	F3AAE9294360F761407E8AE370BE320D46BA9EEB391AE753597C79437026384A
src/crapkit/dup.py	BD018B6977DFE72BDB4BA7FC30DB9BED51328ABD49F3AA3E8808788A9CE054FD
src/crapkit/lizardtypescript.py	375E49977CFE37EEB231E213F1D38DDA727EB7A662A7D5E0A0BF711BC4F630A2
src/crapkit/mutate.py	C8460A3B0AB167343263F1C33CBDDAEA604194F1C0B27B8C7BFEC24C26EC39B4
src/crapkit/mutate_pool.py	6903B4A597BB7C72DA72770649A1ECA4469DAF4ECA7631584B97BB4F41388C4C
src/crapkit/procs.py	5B4BD04DFE7A3F17AFF5584B6FB83D017E5595C5701D2B9D06252EAEB858D4C1
src/crapkit/lanes.py	0C506C507C969C1291EE674B57B8984C6F7C90E6A403B634F66A76DB5A328BE1
src/crapkit/junitparse.py	CA8F00ED6E77376F16D17CB9854C94F5D6108D779DA765ACCCE71E3CEA3EC3AC
src/crapkit/config.py	F248766496C34C784796569DF2D02F20DFE18F7117B3361CA08DC68CAFC93173
src/crapkit/universe.py	5EC31A2F6B47E4F6B4B110E744D7337EDFADB6E93501B3DE45F1514364A8922B
