ts	phase	decision	why	evidence	result
2026-09-06T23:48:50.300736+00:00	scope	Implement all 18 review candidates in four isolated workstreams	User authorized every opportunity	47629ea14ddea38e55ce2332d08297c31888acb9; implementation.md	in progress
2026-09-06T23:48:50.368923+00:00	RT1	Concentrate type and field admission with schema and doctor vocabulary	Malformed shapes silently changed the corpus	tests/unit/test_config_shapes.py; work/implementation/config-red.log	15 new checks red before fix; 155 focused checks green
2026-09-07T00:04:56.667773+00:00	RT5	Use one serial-unit and parallel-CLI runner for development, CI and the self lane	The old self lane ran CLI tests serially and duplicated the schedule	tests/unit/test_suite_schedule.py	3 real subprocess scenarios pass including either suite failing
2026-09-07T00:04:56.829699+00:00	RT2	Compare base and candidate wheels in separate environments with full ledger transfer	Editable candidate imports invalidated base measurements	tests/unit/test_ci_verdict.py; work/implementation/wheel-install-proof.json	Coverage-only regression refused; installed source mapping and mismatch refusal verified
2026-09-07T00:04:57.122972+00:00	RT4	Generate operational facts and correct authored mutation guidance	Version support and suite commands drifted from behavior	tools/docs/generate.py; tests/unit/test_generated_guidance.py	111 focused doc/config contracts pass
2026-09-07T00:28:21.177135+00:00	integration	Integrate AN1-AN4 and ST1-ST6	Focused public seam tests passed; shared locks dependency already integrated	d3a2137;e064046;work/implementation/evidence-analysis-rerun;work/implementation/state-evidence	16 of 18 candidates integrated; EX3 and RT3 still in progress
2026-09-07T00:28:21.248649+00:00	RT5	Keep serial unit and eight-worker CLI schedule	Same 133 baseline CLI cases pass with exact identity digest; parallel elapsed time is lower	work/implementation/schedule-benchmark.json	92.21 seconds serial;39.40 seconds with8workers;not a full-suite estimate
2026-09-07T00:58:10.850338+00:00	integration	Refuse first full self measurement and fix its test/instrumentation seams	Fresh serial-unit and parallel-CLI run exposed stale cache fixture, global SQLite interception, nested coverage ownership and read-side freshness coupling	work/implementation/self-first-result.json;self-first-junit.xml;self-first-lane.log;self-first-input-match.json	Exit5;no trusted new run;all source/test inputs matched captured39f610c throughout measurement
2026-09-07T00:58:10.921848+00:00	RT3	Integrate immutable release artifacts and recovery readbacks	73 focused release checks plus actual offline wheel/sdist build and Twine replay passed; independent review main-advance retry repaired	f9c2efd;work/implementation/evidence-release-rerun/completion.md	All18 candidates implemented; integrated full verification remains incomplete
2026-09-07T01:15:19.607749+00:00	integration	Integrate final RT5 and EX1 repairs before clean-wheel measurement	Nested pytest must not combine outer data; line display needs source freshness rather than strict rerun identity	32a5f6e;6ab8c12;state-evidence/review/RT5-isolation.md;evidence-execution-rerun/read-side-completion.md	39 RT5 focused checks and original parallel init case pass; final source c205602 frozen for full CI pair
2026-09-07T01:15:19.679751+00:00	performance	Keep the strict startup budget and record the host result	Baseline and current imported source bytes match and paired latency difference spans zero	evidence-advisory-startup/conclusion.md;evidence-advisory-startup/results.json	50 paired runs; median change -0.0812 ms; strict 40 ms budget unmet by both snapshots; no production timing change
2026-09-07T01:25:03.593093+00:00	review	Repair cross-module gaps found by the final independent pass	Direct runner shared lane artifacts; nested-root reuse omitted parent inputs; release writes inherited different destinations	evidence-execution-rerun/final-owner-runner-probe.json;evidence-execution-rerun/final-nested-reuse-probe.json;evidence-release-rerun	Failing public reproductions retained; fixes in isolated checkouts while full wheel pair continues
2026-09-07T01:25:03.684718+00:00	verification	Keep historical wheel-test failures visible and repair current test contracts	Tests assumed package and repository locations coincide; dev extra omitted YAML; global coverage config reached nested pytest	final-ci.log;tools/testing/ci.py;tests/unit/test_powershell_admission.py;tests/unit/test_version_metadata_cost.py	Baseline unit 3396 passed and 2 failed; baseline e2e 716 passed and 1 failed; actual candidate measurement still running
2026-09-07T12:30:46.832784+00:00	integration	Integrate final independent-review repairs and clean-wheel contracts	Whole-worktree reuse, separate direct output and pinned release destinations close proved gaps; installed wheels expose source-location assumptions	ac95ae7;6e01dde;f614ac9;3c80921;d33099d;12edf91	Focused evidence passes; first complete wheel attempt retained as refused; full final comparison follows final admission fix
2026-09-07T12:30:46.994630+00:00	verification	Remove inherited tracing at miniature-package fixture boundary	The first wheel candidate data contained a deleted fake crapkit package and could not emit its JSON	96036fc;contamination/red.json;contamination/green.json;contamination/check-source.py	Red artifact includes foreign source; 11 focused tests pass with zero foreign source and 69 real package files
2026-09-07T12:54:55.953050+00:00	verification	Exercise the normal configured lane alongside the isolated-wheel comparison	Direct source measurement proves command ownership, publication and historical ledger preservation without importing artifacts	9e08454;self-final/configured-before.json;self-final/configured-before.sqlite;self-final/configured_audit.py;final-ci-complete	Both full runs active; 737 tracked inputs hashed and all 72 historical run records backed up before the configured run
2026-09-07T13:10:14.394699+00:00	verification	Refuse the all-passing wheel candidate on the actual Crapkit verdict	Passing tests do not satisfy the unchanged CRAP ceiling when two changed functions are only half covered	final-ci-complete/verdict.json;final-ci-complete/summary.json;9e08454	4397passed,3skipped;actualverifyrun2 verdict_ok0,findings2;missing-path tests for ratchet merge and bounded commands follow
2026-09-07T13:36:22.127511+00:00	verification	Preserve the configured refusal and close both measured coverage gaps with behavior tests	Actual rootrun74 correctlyrefused two half-coveredfunctions andone accidental timing assertion; originalhistoryandinputbytes stayedintact	self-refused/refused-audit.json;a0d84fb;802257c;state-evidence/review/wheel-contract/ratchet-merge-measured.txt;evidence-execution-rerun/final-cancellation/function-coverage.json;evidence-execution-rerun/final-cancellation/quiet.log	72priorrunsand737trackedinputsunchanged;bothfunctionsnowcov1.0CCN6CRAP6;twoexistingtimingchecks passquietly;productioncodeandthresholdsunchanged
2026-09-07T13:39:26.958135+00:00	verification	Run the final configured measurement and clean-wheel comparison sequentially at 802257c	Existing timing checks passed in the quiet rerun; each full verification gets a dedicated development environment	run-final-verification.ps1; configured-runtime/README.md; evidence-execution-rerun/final-cancellation/quiet.log	Source and tools are unchanged from 9e08454; the final changes add six behavior cases and remove an incidental ownership-test deadline; all quality and production timing limits remain unchanged
2026-09-07T14:13:31.956280+00:00	verification	Accept the configured root run from its actual ledger and preserved inputs	The complete configured lane passed after test-only coverage repairs; verification must agree with stored results	self-final/coverage.json; self-final/verify.json; self-final/configured-audit.json; self-final/configured-after.sqlite	Run 75 measured 4403 passing tests and 3 skips; verify run 76 against baseline 72 passed with zero findings; 74 prior rows and 739 tracked input files unchanged
2026-09-07T14:51:26.156922+00:00	verification	Accept the fresh installed-wheel candidate from complete tests and the actual Crapkit ledger	The unchanged quality gate now passes both previously deficient functions with full behavior coverage	final-ci-complete/attempt-yi62o7o2/verdict.json; final-ci-complete/attempt-yi62o7o2/summary.json; final-ci-complete/attempt-yi62o7o2/driver.log	Candidate 802257c: 4403 passed, 3 skipped, suite exit 0; actual verify run 2 against base run 1 passed with zero findings and no overrides; baseline retains 3 failures and 44 skips
2026-09-07T14:54:31.121863+00:00	delivery	Retain exact tested wheels and the complete audit trail with the implementation report	A passing summary needs inspectable source identity, raw measurements, preserved baseline records and prior refusals	state-evidence/review/wheel-contract/acceptance-802257c.json; acceptance-802257c-wheel-artifacts.json; report-evidence/check-archive.py; collect-evidence.py	Independent wheel audit reports no issues; both full candidate runs passed 4403 tests with 3 skips; evidence selection excludes scratch environments and unused importer drafts
2026-09-07T14:58:14.217122+00:00	delivery	Validate every archived evidence byte before the documentation commit	The delivered record must preserve the exact measured wheels, ledgers, artifacts and historical refusals	focused-evidence.zip; report-evidence/check-archive.py; manifest.json	613 files; 135819061 raw bytes; 21148239 ZIP bytes; all source bytes and SHA256 hashes match; all 30 required inputs present; archive SHA256 e8be318b887bb846f1a6415d054e80edeb4d2adb8f903187134b085fa8a00267
